{
    "loss": 0.5827814340591431,
    "accuracy": 0.9482758641242981
}